{"B2":-3404.017012626218,"B2_hs":25482.505210818006,"B2_reduced":-0.1335825102149345,"sigma":23.0,"kD":0.028742453908594052}
