{"B2":-4868.491739856808,"B2_hs":25482.505210818006,"B2_reduced":-0.19105231999677968,"sigma":23.0,"kD":0.027355593456657883}
