{"B2":-10063.86004464945,"B2_hs":25482.505210818006,"B2_reduced":-0.39493212937231426,"sigma":23.0,"kD":0.023357367978972702}
