{"B2":-27108.38825198953,"B2_hs":25482.505210818006,"B2_reduced":-1.0638038932091063,"sigma":23.0,"kD":0.015787325122629696}
