{"B2":-8525.126736702266,"B2_hs":25482.505210818006,"B2_reduced":-0.33454821910850124,"sigma":23.0,"kD":0.024414211929492013}
