{"B2":-21837.059791072395,"B2_hs":25482.505210818006,"B2_reduced":-0.8569432090924082,"sigma":23.0,"kD":0.017546009426624154}
