{"B2":-14329.117541995225,"B2_hs":25482.505210818006,"B2_reduced":-0.5623119635785312,"sigma":23.0,"kD":0.020854953307027746}
