{"B2":-12134.469377151881,"B2_hs":25482.505210818006,"B2_reduced":-0.47618824274783134,"sigma":23.0,"kD":0.022071672235237334}
