{"B2":-292.17342383056626,"B2_hs":25482.505210818006,"B2_reduced":-0.011465647565394426,"sigma":23.0,"kD":0.032212604679027985}
