{"B2":-1646.564106082953,"B2_hs":25482.505210818006,"B2_reduced":-0.06461547216260129,"sigma":23.0,"kD":0.030604423759928955}
