{"B2":-5478.372989767712,"B2_hs":25482.505210818006,"B2_reduced":-0.21498565170280023,"sigma":23.0,"kD":0.026816730720875235}
