{"B2":-3383.157646463587,"B2_hs":25482.505210818006,"B2_reduced":-0.1327639342550726,"sigma":23.0,"kD":0.028763224239539028}
