{"B2":-292.1838078977215,"B2_hs":25482.505210818006,"B2_reduced":-0.011466055063286386,"sigma":23.0,"kD":0.032212591701263255}
