{"B2":41803.16806961105,"B2_hs":25482.505210818006,"B2_reduced":1.6404653986635696,"sigma":23.0}
