{"B2":-713.4778045770123,"B2_hs":25482.505210818006,"B2_reduced":-0.02799873084197867,"sigma":23.0,"kD":0.03169453626149419}
