{"B2":-5489.474248342432,"B2_hs":25482.505210818006,"B2_reduced":-0.2154212940575404,"sigma":23.0,"kD":0.02680711882434619}
