{"B2":-15300.512206432673,"B2_hs":25482.505210818006,"B2_reduced":-0.6004320250246509,"sigma":23.0,"kD":0.020358217370049975}
