{"B2":-1560596703165.3103,"B2_hs":27180.797839471088,"B2_reduced":-57415411.879450485,"sigma":23.5,"kD":5.320205517813604e-10}
