{"B2":-96822969.413441,"B2_hs":27180.797839471088,"B2_reduced":-3562.1827580365493,"sigma":23.5,"kD":8.572723240755686e-6}
