{"B2":-1882833.1264968088,"B2_hs":27180.797839471088,"B2_reduced":-69.2707085942348,"sigma":23.5,"kD":0.00043469292187251347}
