{"B2":-263351.6764460198,"B2_hs":27180.797839471088,"B2_reduced":-9.688886912053364,"sigma":23.5,"kD":0.0028577512225743877}
