{"B2":-45063295545.84675,"B2_hs":27180.797839471088,"B2_reduced":-1657909.227388729,"sigma":23.5,"kD":1.842450763392132e-8}
