{"B2":152850.87474673075,"B2_hs":27180.797839471088,"B2_reduced":5.623487421136902,"sigma":23.5}
