{"B2":-1931137.5638914919,"B2_hs":27180.797839471088,"B2_reduced":-71.04786162999069,"sigma":23.5,"kD":0.0004239706626929882}
