{"B2":-51391317053.05226,"B2_hs":27180.797839471088,"B2_reduced":-1890721.4334386988,"sigma":23.5,"kD":1.615582440904605e-8}
