{"B2":-11203062386.069792,"B2_hs":27180.797839471088,"B2_reduced":-412168.268651815,"sigma":23.5,"kD":7.41107645914381e-8}
