{"B2":-32486303517.257675,"B2_hs":27180.797839471088,"B2_reduced":-1195193.1547087298,"sigma":23.5,"kD":2.5557504210120582e-8}
