{"B2":-9.650677175332946e17,"B2_hs":27180.797839471088,"B2_reduced":-35505496315191.086,"sigma":23.5,"kD":8.603225644196888e-16}
