{"B2":-753667873.5887784,"B2_hs":27180.797839471088,"B2_reduced":-27727.952580344274,"sigma":23.5,"kD":1.101598755033127e-6}
