{"B2":-13677187690.164524,"B2_hs":27180.797839471088,"B2_reduced":-503193.01776723226,"sigma":23.5,"kD":6.070457629130626e-8}
