{"B2":51.87086502848318,"B2_hs":25482.505210818006,"B2_reduced":0.0020355480985622485,"sigma":23.0,"kD":0.032648400440879626}
