{"B2":1444.4132847628678,"B2_hs":25482.505210818006,"B2_reduced":0.05668254642991991,"sigma":23.0,"kD":0.03453974367603551}
