{"B2":-22099.26708202706,"B2_hs":27180.797839471088,"B2_reduced":-0.8130470346214492,"sigma":23.5,"kD":0.016847979703547893}
