{"B2":-25439.83837181913,"B2_hs":25482.505210818006,"B2_reduced":-0.998325641900359,"sigma":23.0,"kD":0.01630462141318292}
