{"B2":-10347.50340950453,"B2_hs":25482.505210818006,"B2_reduced":-0.4060630351646799,"sigma":23.0,"kD":0.02317246256859676}
