{"B2":-20341.886852321564,"B2_hs":25482.505210818006,"B2_reduced":-0.7982687213848145,"sigma":23.0,"kD":0.018118506241019596}
