{"B2":-294692.5802643358,"B2_hs":25482.505210818006,"B2_reduced":-11.564505837488493,"sigma":23.0,"kD":0.0025931734580620694}
