{"B2":21187.893983026246,"B2_hs":25482.505210818006,"B2_reduced":0.8314682488137555,"sigma":23.0,"kD":0.19332821751454288}
