{"B2":19238.19072418277,"B2_hs":25482.505210818006,"B2_reduced":0.754956805267939,"sigma":23.0,"kD":0.1329640804229122}
