{"B2":5724.9785241135805,"B2_hs":25482.505210818006,"B2_reduced":0.22466309637732063,"sigma":23.0,"kD":0.0420229488615922}
