{"B2":2946.2521275030044,"B2_hs":25482.505210818006,"B2_reduced":0.11561862160445047,"sigma":23.0,"kD":0.03684150734895784}
