{"B2":4397.26398639869,"B2_hs":25482.505210818006,"B2_reduced":0.17256011330204432,"sigma":23.0,"kD":0.039376809814505156}
