{"B2":926.5438684152379,"B2_hs":25482.505210818006,"B2_reduced":0.03635999917393896,"sigma":23.0,"kD":0.03381132271751991}
