{"B2":-3294.8354841531527,"B2_hs":25482.505210818006,"B2_reduced":-0.1292979421330367,"sigma":23.0,"kD":0.02885150307623849}
