{"B2":-5511.539940455657,"B2_hs":25482.505210818006,"B2_reduced":-0.21628720939556056,"sigma":23.0,"kD":0.026788033944410913}
