{"B2":-1710.6863459268288,"B2_hs":25482.505210818006,"B2_reduced":-0.06713179617836776,"sigma":23.0,"kD":0.03053225774747239}
