{"B2":128297.40128530053,"B2_hs":25482.505210818006,"B2_reduced":5.034724813117466,"sigma":23.0}
